"Language","original","english","czech","german","russian","polish","hungarian","italian","spanish","french","chinese","japanese","portuguese","chinesesimp",
"STR_OZS_BOX_SMALL","Мала скриня","Small storage box","Мала скриня","Мала скриня","Мала скриня","Мала скриня","Мала скриня","Мала скриня","Мала скриня","Мала скриня","Мала скриня","Мала скриня","Мала скриня","Мала скриня",
"STR_OZS_BOX_SMALL_DESC","Скриня на 500 комірок і два гнізда для зброї. Речі всередині існують лише поки скриня відкрита.","A 500-cell box with two weapon slots. Its contents exist only while the box is open.","Скриня на 500 комірок і два гнізда для зброї. Речі всередині існують лише поки скриня відкрита.","Скриня на 500 комірок і два гнізда для зброї. Речі всередині існують лише поки скриня відкрита.","Скриня на 500 комірок і два гнізда для зброї. Речі всередині існують лише поки скриня відкрита.","Скриня на 500 комірок і два гнізда для зброї. Речі всередині існують лише поки скриня відкрита.","Скриня на 500 комірок і два гнізда для зброї. Речі всередині існують лише поки скриня відкрита.","Скриня на 500 комірок і два гнізда для зброї. Речі всередині існують лише поки скриня відкрита.","Скриня на 500 комірок і два гнізда для зброї. Речі всередині існують лише поки скриня відкрита.","Скриня на 500 комірок і два гнізда для зброї. Речі всередині існують лише поки скриня відкрита.","Скриня на 500 комірок і два гнізда для зброї. Речі всередині існують лише поки скриня відкрита.","Скриня на 500 комірок і два гнізда для зброї. Речі всередині існують лише поки скриня відкрита.","Скриня на 500 комірок і два гнізда для зброї. Речі всередині існують лише поки скриня відкрита.","Скриня на 500 комірок і два гнізда для зброї. Речі всередині існують лише поки скриня відкрита.",
"STR_OZS_BOX_MEDIUM","Середня скриня","Medium storage box","Середня скриня","Середня скриня","Середня скриня","Середня скриня","Середня скриня","Середня скриня","Середня скриня","Середня скриня","Середня скриня","Середня скриня","Середня скриня","Середня скриня",
"STR_OZS_BOX_MEDIUM_DESC","Скриня на 1000 комірок і чотири гнізда для зброї. Речі всередині існують лише поки скриня відкрита.","A 1000-cell box with four weapon slots. Its contents exist only while the box is open.","Скриня на 1000 комірок і чотири гнізда для зброї. Речі всередині існують лише поки скриня відкрита.","Скриня на 1000 комірок і чотири гнізда для зброї. Речі всередині існують лише поки скриня відкрита.","Скриня на 1000 комірок і чотири гнізда для зброї. Речі всередині існують лише поки скриня відкрита.","Скриня на 1000 комірок і чотири гнізда для зброї. Речі всередині існують лише поки скриня відкрита.","Скриня на 1000 комірок і чотири гнізда для зброї. Речі всередині існують лише поки скриня відкрита.","Скриня на 1000 комірок і чотири гнізда для зброї. Речі всередині існують лише поки скриня відкрита.","Скриня на 1000 комірок і чотири гнізда для зброї. Речі всередині існують лише поки скриня відкрита.","Скриня на 1000 комірок і чотири гнізда для зброї. Речі всередині існують лише поки скриня відкрита.","Скриня на 1000 комірок і чотири гнізда для зброї. Речі всередині існують лише поки скриня відкрита.","Скриня на 1000 комірок і чотири гнізда для зброї. Речі всередині існують лише поки скриня відкрита.","Скриня на 1000 комірок і чотири гнізда для зброї. Речі всередині існують лише поки скриня відкрита.","Скриня на 1000 комірок і чотири гнізда для зброї. Речі всередині існують лише поки скриня відкрита.",
"STR_OZS_BOX_LARGE","Велика скриня","Large storage box","Велика скриня","Велика скриня","Велика скриня","Велика скриня","Велика скриня","Велика скриня","Велика скриня","Велика скриня","Велика скриня","Велика скриня","Велика скриня","Велика скриня",
"STR_OZS_BOX_LARGE_DESC","Скриня на 1500 комірок і шість гнізд для зброї. Речі всередині існують лише поки скриня відкрита.","A 1500-cell box with six weapon slots. Its contents exist only while the box is open.","Скриня на 1500 комірок і шість гнізд для зброї. Речі всередині існують лише поки скриня відкрита.","Скриня на 1500 комірок і шість гнізд для зброї. Речі всередині існують лише поки скриня відкрита.","Скриня на 1500 комірок і шість гнізд для зброї. Речі всередині існують лише поки скриня відкрита.","Скриня на 1500 комірок і шість гнізд для зброї. Речі всередині існують лише поки скриня відкрита.","Скриня на 1500 комірок і шість гнізд для зброї. Речі всередині існують лише поки скриня відкрита.","Скриня на 1500 комірок і шість гнізд для зброї. Речі всередині існують лише поки скриня відкрита.","Скриня на 1500 комірок і шість гнізд для зброї. Речі всередині існують лише поки скриня відкрита.","Скриня на 1500 комірок і шість гнізд для зброї. Речі всередині існують лише поки скриня відкрита.","Скриня на 1500 комірок і шість гнізд для зброї. Речі всередині існують лише поки скриня відкрита.","Скриня на 1500 комірок і шість гнізд для зброї. Речі всередині існують лише поки скриня відкрита.","Скриня на 1500 комірок і шість гнізд для зброї. Речі всередині існують лише поки скриня відкрита.","Скриня на 1500 комірок і шість гнізд для зброї. Речі всередині існують лише поки скриня відкрита.",
"STR_OZS_SLOT_WEAPON","Зброя","Weapon","Зброя","Зброя","Зброя","Зброя","Зброя","Зброя","Зброя","Зброя","Зброя","Зброя","Зброя","Зброя",
"STR_OZS_SLOTS_WEAPONS","Зброя","Weapons","Зброя","Зброя","Зброя","Зброя","Зброя","Зброя","Зброя","Зброя","Зброя","Зброя","Зброя","Зброя",
"STR_OZS_TITLE","Скриня","Storage box","Скриня","Скриня","Скриня","Скриня","Скриня","Скриня","Скриня","Скриня","Скриня","Скриня","Скриня","Скриня",
"STR_OZS_OPEN","Відкрити скриню","Open the box","Відкрити скриню","Відкрити скриню","Відкрити скриню","Відкрити скриню","Відкрити скриню","Відкрити скриню","Відкрити скриню","Відкрити скриню","Відкрити скриню","Відкрити скриню","Відкрити скриню","Відкрити скриню",
"STR_OZS_CLOSE","Закрити скриню","Close the box","Закрити скриню","Закрити скриню","Закрити скриню","Закрити скриню","Закрити скриню","Закрити скриню","Закрити скриню","Закрити скриню","Закрити скриню","Закрити скриню","Закрити скриню","Закрити скриню",
"STR_OZS_BUSY","Скринею хтось користується","Someone is using the box","Скринею хтось користується","Скринею хтось користується","Скринею хтось користується","Скринею хтось користується","Скринею хтось користується","Скринею хтось користується","Скринею хтось користується","Скринею хтось користується","Скринею хтось користується","Скринею хтось користується","Скринею хтось користується","Скринею хтось користується",
"STR_OZS_OPENING","Скриня ще не готова","The box is not ready yet","Скриня ще не готова","Скриня ще не готова","Скриня ще не готова","Скриня ще не готова","Скриня ще не готова","Скриня ще не готова","Скриня ще не готова","Скриня ще не готова","Скриня ще не готова","Скриня ще не готова","Скриня ще не готова","Скриня ще не готова",
